Type of Wages,Type of Farm Workers,Geolocation,Gender,1994,1995,1996,1997,1998,1999,2000,2001,2002,2003,2004,2005,2006,2007,2008,2009,2010,2011,2012,2013,2014,2015,2016,2017,2018,2019,ADM1_CODE
Nominal Wage Rate,Coconut Workers,Autonomous Region in Muslim Mindanao (ARMM),Female,,,,,109.39,96.86,101.41,102.33,109.19,136.75,134.33,145.72,158.54,166.38,,160.0,178.16,176.51,178.6,,,,200.0,200.0,286.89,,PH150000000
Nominal Wage Rate,Coconut Workers,Autonomous Region in Muslim Mindanao (ARMM),Male,,,,105.21,105.82,113.35,127.12,129.74,155.93,156.04,159.96,162.82,166.01,167.85,175.59,175.7,178.33,178.4,188.51,202.18,202.34,218.71,224.87,245.2,342.48,349.0,PH150000000
Nominal Wage Rate,Coconut Workers,Cordillera Administrative Region (CAR),Female,,,,,,,,,,,,,,,,,,,,,,,,,,,PH140000000
Nominal Wage Rate,Coconut Workers,Cordillera Administrative Region (CAR),Male,,,,,,,,,,,,,,,,,,,,,,,,,,,PH140000000
Nominal Wage Rate,Coconut Workers,MIMAROPA Region,Female,,,,,,,,,125.22,134.48,149.71,145.39,156.26,175.13,181.36,182.41,203.98,200.34,205.22,225.0,227.85,230.32,233.65,227.9,250.76,412.1,PH170000000
Nominal Wage Rate,Coconut Workers,MIMAROPA Region,Male,,,,,,,,,146.47,150.12,155.43,167.75,171.49,179.75,192.52,203.82,208.39,208.73,221.98,244.44,256.93,258.45,260.39,289.14,308.95,416.62,PH170000000
Nominal Wage Rate,Coconut Workers,Region I (Ilocos Region),Female,90.8,94.35,,100.85,,,100.0,,,,,,,,,,,,,,,,,,,,PH010000000
Nominal Wage Rate,Coconut Workers,Region I (Ilocos Region),Male,100.86,105.94,116.54,124.0,130.0,152.86,167.41,168.38,172.68,162.76,164.16,180.17,185.55,185.79,214.57,215.13,217.73,221.4,254.15,328.73,329.36,336.18,337.58,274.69,267.49,345.88,PH010000000
Nominal Wage Rate,Coconut Workers,Region II (Cagayan Valley),Female,,,,,,,,,133.33,140.31,137.65,,,,182.22,,,,,210.67,223.53,,,,,,PH020000000
Nominal Wage Rate,Coconut Workers,Region II (Cagayan Valley),Male,,,,,80.81,100.47,125.86,130.27,147.79,149.47,156.36,172.33,175.79,191.84,192.28,193.6,199.2,201.66,233.29,274.6,278.56,280.69,281.95,386.4,389.76,443.33,PH020000000
Nominal Wage Rate,Coconut Workers,Region III (Central Luzon),Female,,,,,,,,,,,,169.49,,,,,,,,,,,320.0,,,333.33,PH030000000
Nominal Wage Rate,Coconut Workers,Region III (Central Luzon),Male,95.9,105.33,123.88,150.0,153.64,163.5,162.0,148.57,166.64,198.75,201.5,222.72,224.62,242.37,266.4,266.6,266.62,267.99,301.4,310.22,324.55,345.25,349.33,320.53,317.27,357.79,PH030000000
Nominal Wage Rate,Coconut Workers,Region IV-A (CALABARZON),Female,86.24,88.53,95.07,98.06,105.39,125.9,136.89,128.23,,,187.91,,,,,187.32,,242.42,246.19,300.0,,,,,,388.24,PH040000000
Nominal Wage Rate,Coconut Workers,Region IV-A (CALABARZON),Male,95.27,98.53,102.62,116.7,125.24,157.43,137.12,167.16,177.56,192.38,196.21,202.35,203.92,237.08,243.97,254.57,262.19,267.92,276.46,307.43,308.58,319.75,320.8,369.99,372.18,391.18,PH040000000
Nominal Wage Rate,Coconut Workers,Region IX (Zamboanga Peninsula),Female,,,,,94.05,,,102.86,,140.85,131.74,147.67,152.43,157.69,158.72,159.71,168.63,172.78,176.12,200.0,225.88,230.52,230.36,218.63,212.5,263.05,PH090000000
Nominal Wage Rate,Coconut Workers,Region IX (Zamboanga Peninsula),Male,84.58,89.23,97.31,114.82,118.33,136.53,143.93,144.0,133.74,137.58,139.01,151.27,156.04,158.04,159.64,160.6,168.66,173.11,186.37,224.77,232.54,234.5,236.22,242.8,261.08,280.99,PH090000000
Nominal Wage Rate,Coconut Workers,Region V (Bicol Region),Female,79.02,83.5,74.0,85.91,80.0,80.0,90.91,86.61,100.0,105.65,98.81,,,,,,172.0,,,192.0,,,206.52,276.47,275.57,337.79,PH050000000
Nominal Wage Rate,Coconut Workers,Region V (Bicol Region),Male,85.35,96.1,87.21,103.75,114.65,120.58,115.34,131.2,137.89,131.7,134.65,143.22,145.54,151.93,161.59,161.88,172.74,179.8,197.0,197.22,208.11,224.47,267.7,263.9,353.77,355.21,PH050000000
Nominal Wage Rate,Coconut Workers,Region VI (Western Visayas),Female,74.64,79.31,69.09,84.2,63.4,70.0,81.43,87.53,108.19,91.58,93.94,102.74,114.74,140.89,158.5,159.41,171.11,169.94,172.14,176.97,206.06,230.0,,279.28,327.11,368.51,PH060000000
Nominal Wage Rate,Coconut Workers,Region VI (Western Visayas),Male,77.01,82.55,72.49,98.02,100.03,98.75,102.96,102.98,112.55,125.11,127.85,135.06,140.65,157.61,169.16,170.03,173.69,173.77,188.95,192.89,212.36,226.84,228.99,288.24,305.16,329.44,PH060000000
Nominal Wage Rate,Coconut Workers,Region VII (Central Visayas),Female,69.32,73.45,,85.52,99.06,85.0,99.72,85.09,104.45,106.88,95.96,104.08,120.05,144.17,148.73,154.27,164.94,169.88,,197.01,219.26,236.36,,205.68,211.9,289.47,PH070000000
Nominal Wage Rate,Coconut Workers,Region VII (Central Visayas),Male,76.71,82.29,83.06,120.22,118.06,118.8,121.29,125.26,127.09,129.49,132.25,133.71,140.82,158.65,160.84,163.79,167.41,179.63,180.35,222.48,234.02,236.39,238.63,250.35,279.97,290.15,PH070000000
Nominal Wage Rate,Coconut Workers,Region VIII (Eastern Visayas),Female,,70.85,,,,,,,,,94.71,106.93,117.14,,,,,166.67,169.01,201.68,233.75,,,,256.0,306.43,PH080000000
Nominal Wage Rate,Coconut Workers,Region VIII (Eastern Visayas),Male,78.6,87.36,90.5,118.49,107.98,116.79,117.98,118.4,119.53,124.63,133.66,140.21,142.9,164.73,167.1,167.39,177.47,184.24,198.61,212.47,235.16,238.32,240.31,251.2,261.14,307.78,PH080000000
Nominal Wage Rate,Coconut Workers,Region X (Northern Mindanao),Female,78.42,80.97,88.28,87.95,,,,100.0,110.03,110.58,123.61,141.18,151.55,163.64,164.53,164.84,187.56,189.05,192.0,195.67,218.52,240.0,240.59,227.82,255.32,292.2,PH100000000
Nominal Wage Rate,Coconut Workers,Region X (Northern Mindanao),Male,88.76,96.03,117.49,109.37,111.73,115.25,124.57,125.06,127.22,132.82,150.35,163.38,165.11,174.4,190.14,196.98,198.52,205.3,210.26,238.4,243.61,247.92,248.35,266.14,292.17,293.93,PH100000000
Nominal Wage Rate,Coconut Workers,Region XI (Davao Region),Female,,76.18,78.72,81.71,86.09,82.6,95.05,96.46,108.87,120.09,128.26,131.91,141.67,146.47,150.0,150.62,161.59,175.17,176.68,222.37,229.2,236.71,248.34,264.27,372.76,420.56,PH110000000
Nominal Wage Rate,Coconut Workers,Region XI (Davao Region),Male,79.51,86.42,101.21,118.01,108.02,126.15,130.82,130.93,140.79,132.58,135.71,142.36,151.5,154.38,160.0,161.82,162.76,176.12,194.1,250.88,251.14,263.96,265.23,263.37,298.93,336.3,PH110000000
Nominal Wage Rate,Coconut Workers,Region XII (SOCCSKSARGEN),Female,85.98,87.32,97.96,98.26,90.0,88.57,96.78,95.13,121.34,129.19,139.74,150.68,160.61,173.83,178.53,179.13,182.87,185.93,189.19,200.0,217.58,232.57,232.61,254.55,255.22,286.95,PH120000000
Nominal Wage Rate,Coconut Workers,Region XII (SOCCSKSARGEN),Male,85.89,95.32,93.04,127.77,127.8,130.1,109.35,113.01,168.89,147.59,157.6,167.6,169.54,175.05,182.38,182.78,188.16,194.85,202.15,203.26,207.5,213.77,214.83,257.9,262.15,280.83,PH120000000
Nominal Wage Rate,Coconut Workers,Region XIII (Caraga),Female,,,,,,,,,,,168.82,,,,,,,,208.51,253.64,269.5,280.0,282.86,228.57,270.0,369.91,PH160000000
Nominal Wage Rate,Coconut Workers,Region XIII (Caraga),Male,81.93,85.93,109.36,115.34,123.16,143.27,150.34,157.04,164.25,170.27,172.4,179.33,182.59,205.49,211.71,212.7,212.92,224.42,242.85,257.62,278.61,297.86,308.01,363.06,374.47,374.73,PH160000000
Nominal Wage Rate,Corn Workers,Autonomous Region in Muslim Mindanao (ARMM),Female,75.83,92.47,86.32,106.25,117.91,139.48,112.07,113.69,109.47,123.01,145.0,155.0,158.24,160.54,172.82,190.18,194.12,203.48,206.03,215.22,224.25,237.99,237.42,240.81,232.52,248.95,PH150000000
Nominal Wage Rate,Corn Workers,Autonomous Region in Muslim Mindanao (ARMM),Male,75.46,95.56,106.7,118.52,124.21,147.65,138.1,139.08,135.42,138.45,156.56,163.54,165.42,165.92,176.5,187.73,190.5,205.98,209.09,224.78,241.05,256.92,249.72,230.64,240.83,243.86,PH150000000
Nominal Wage Rate,Corn Workers,Cordillera Administrative Region (CAR),Female,72.44,83.42,99.0,111.27,116.25,119.59,120.85,116.69,126.0,139.74,143.36,146.25,154.89,170.2,191.75,214.62,218.27,228.13,242.24,247.98,260.03,273.98,266.25,225.59,244.61,256.1,PH140000000
Nominal Wage Rate,Corn Workers,Cordillera Administrative Region (CAR),Male,83.46,90.55,103.24,117.23,126.63,144.87,145.64,143.21,165.21,156.62,156.37,173.69,177.12,182.68,203.52,219.71,225.12,233.23,246.75,252.84,284.56,304.41,285.0,251.16,284.49,294.84,PH140000000
Nominal Wage Rate,Corn Workers,MIMAROPA Region,Female,,,,,,,,,95.15,105.27,112.97,121.78,130.49,154.31,173.5,184.46,199.18,205.37,199.03,199.29,226.31,230.21,237.08,229.5,245.29,274.23,PH170000000
Nominal Wage Rate,Corn Workers,MIMAROPA Region,Male,,,,,,,,,103.65,121.64,141.42,156.25,162.05,165.27,180.45,196.5,207.22,215.81,219.56,242.58,247.0,259.72,262.23,235.17,254.58,305.15,PH170000000
Nominal Wage Rate,Corn Workers,Region I (Ilocos Region),Female,75.82,81.98,94.49,96.89,102.98,125.04,125.19,122.66,117.14,122.16,134.04,141.79,153.14,164.85,186.32,197.05,197.35,214.11,213.75,240.08,244.33,253.95,268.23,240.79,257.75,299.44,PH010000000
Nominal Wage Rate,Corn Workers,Region I (Ilocos Region),Male,82.2,95.84,104.99,108.98,114.48,134.18,132.42,133.39,128.75,136.81,146.24,162.25,166.32,175.17,189.46,204.47,219.52,226.0,227.33,262.44,273.85,279.65,281.32,291.95,307.22,317.44,PH010000000
Nominal Wage Rate,Corn Workers,Region II (Cagayan Valley),Female,64.91,73.69,82.45,77.52,82.09,99.28,108.8,107.51,105.0,117.32,128.01,132.88,146.84,157.62,185.11,186.36,195.42,211.16,221.38,240.45,272.34,279.01,280.67,204.33,250.0,300.22,PH020000000
Nominal Wage Rate,Corn Workers,Region II (Cagayan Valley),Male,87.29,93.69,93.81,101.65,97.42,122.53,121.22,125.09,118.37,132.75,139.39,147.2,154.52,162.27,187.29,189.99,198.53,218.61,223.69,258.69,276.59,288.54,283.46,229.28,262.86,317.68,PH020000000
Nominal Wage Rate,Corn Workers,Region III (Central Luzon),Female,70.93,75.28,69.0,80.84,95.02,102.5,109.29,118.71,112.95,134.58,147.6,168.98,191.15,206.87,219.85,235.59,242.5,,,,,230.32,283.36,300.08,288.03,305.65,PH030000000
Nominal Wage Rate,Corn Workers,Region III (Central Luzon),Male,92.73,102.77,102.63,133.43,147.95,157.84,145.64,147.3,164.07,161.31,170.3,177.39,189.0,206.38,229.03,231.96,237.61,254.62,276.4,325.87,341.87,373.75,306.41,321.01,316.66,350.94,PH030000000
Nominal Wage Rate,Corn Workers,Region IV-A (CALABARZON),Female,77.3,83.5,94.75,109.17,117.69,119.08,121.12,115.12,100.06,,119.96,,153.85,,179.62,216.5,201.84,215.0,,225.94,258.13,264.81,292.18,318.42,361.63,384.55,PH040000000
Nominal Wage Rate,Corn Workers,Region IV-A (CALABARZON),Male,95.99,109.24,126.65,130.59,133.79,134.22,133.66,134.5,144.62,147.81,170.3,176.11,182.02,184.53,198.03,213.72,215.79,230.74,231.19,252.82,292.92,301.17,302.36,330.01,357.54,391.97,PH040000000
Nominal Wage Rate,Corn Workers,Region IX (Zamboanga Peninsula),Female,67.94,75.28,85.77,82.79,97.75,90.81,90.01,90.75,91.7,103.39,116.91,124.26,135.62,144.73,148.8,151.3,157.46,168.16,174.46,184.71,187.95,207.56,209.91,210.78,220.55,239.13,PH090000000
Nominal Wage Rate,Corn Workers,Region IX (Zamboanga Peninsula),Male,74.97,81.83,82.87,89.59,96.75,121.22,118.39,119.08,113.88,115.44,127.65,134.16,139.58,146.16,150.99,152.56,155.56,173.87,181.93,198.46,213.03,219.05,220.96,213.96,247.59,253.46,PH090000000
Nominal Wage Rate,Corn Workers,Region V (Bicol Region),Female,60.18,67.87,75.42,77.78,81.3,89.23,89.6,90.16,82.58,96.85,101.95,116.36,131.13,136.8,151.55,156.16,156.61,166.95,169.49,195.89,210.98,218.7,234.99,227.8,249.44,260.21,PH050000000
Nominal Wage Rate,Corn Workers,Region V (Bicol Region),Male,72.01,79.54,87.0,85.72,90.17,118.29,115.89,118.48,116.19,117.36,118.88,126.73,138.14,141.96,153.22,157.63,160.35,172.87,175.47,207.99,217.93,233.59,248.77,249.73,276.79,301.38,PH050000000
Nominal Wage Rate,Corn Workers,Region VI (Western Visayas),Female,55.0,66.89,73.52,76.77,78.76,86.8,91.73,88.52,95.02,104.72,110.58,125.74,138.27,151.36,164.87,169.76,175.48,179.94,181.83,196.21,204.81,210.02,225.98,222.87,236.2,263.6,PH060000000
Nominal Wage Rate,Corn Workers,Region VI (Western Visayas),Male,69.75,84.99,91.32,95.26,92.4,108.92,106.49,110.48,116.52,124.62,130.13,140.12,150.95,158.08,169.07,171.0,172.4,182.75,184.5,203.97,215.49,219.75,221.93,270.8,277.17,280.14,PH060000000
Nominal Wage Rate,Corn Workers,Region VII (Central Visayas),Female,59.58,67.81,81.33,85.04,81.44,87.35,87.24,87.4,85.54,91.44,108.53,125.82,131.15,138.79,143.75,147.79,150.13,160.53,165.74,173.03,189.96,195.45,203.41,225.86,228.02,242.16,PH070000000
Nominal Wage Rate,Corn Workers,Region VII (Central Visayas),Male,64.8,77.07,75.53,78.29,84.46,95.96,99.21,99.91,102.25,107.17,118.73,127.7,138.87,141.25,147.68,150.39,155.98,170.02,175.05,177.82,191.17,211.59,219.52,228.49,261.89,271.37,PH070000000
Nominal Wage Rate,Corn Workers,Region VIII (Eastern Visayas),Female,60.38,69.65,72.46,77.62,75.87,82.01,90.92,90.05,89.63,90.03,99.98,113.97,123.79,131.78,139.92,143.08,147.88,159.29,160.73,167.13,183.18,214.82,223.65,217.0,264.15,274.85,PH080000000
Nominal Wage Rate,Corn Workers,Region VIII (Eastern Visayas),Male,65.99,72.95,81.72,85.03,94.82,95.13,96.76,100.69,96.39,102.98,123.18,129.97,135.5,136.22,141.69,144.27,149.6,164.99,167.56,181.37,192.84,247.76,244.07,224.36,233.92,282.61,PH080000000
Nominal Wage Rate,Corn Workers,Region X (Northern Mindanao),Female,77.37,85.84,84.62,85.94,95.34,105.08,103.9,100.75,106.93,114.54,123.03,142.07,144.01,150.98,164.69,165.47,165.99,177.47,180.35,186.62,192.15,196.23,200.92,230.95,223.16,252.37,PH100000000
Nominal Wage Rate,Corn Workers,Region X (Northern Mindanao),Male,81.01,89.82,95.27,102.45,104.41,120.51,118.39,117.81,117.63,121.14,129.59,139.17,146.71,153.36,170.71,173.51,174.29,183.09,184.95,191.77,196.59,200.89,203.07,219.54,224.82,252.76,PH100000000
Nominal Wage Rate,Corn Workers,Region XI (Davao Region),Female,71.96,82.09,78.14,84.71,82.66,95.4,88.78,90.74,95.42,104.02,122.18,130.9,137.2,142.83,152.58,152.99,154.8,165.74,168.84,167.38,181.08,184.16,198.02,247.71,257.65,293.82,PH110000000
Nominal Wage Rate,Corn Workers,Region XI (Davao Region),Male,75.21,88.78,81.97,84.62,91.62,114.17,108.96,108.15,109.53,112.36,125.76,136.65,141.6,143.36,155.17,155.99,160.55,170.87,176.42,179.26,189.98,199.46,206.82,243.84,257.89,296.38,PH110000000
Nominal Wage Rate,Corn Workers,Region XII (SOCCSKSARGEN),Female,77.28,83.35,72.45,88.14,87.14,108.52,99.4,100.53,107.33,112.84,117.9,129.6,135.04,136.72,145.59,151.51,156.87,167.47,174.6,195.94,206.68,217.43,217.58,207.26,227.81,240.87,PH120000000
Nominal Wage Rate,Corn Workers,Region XII (SOCCSKSARGEN),Male,91.19,111.48,105.89,107.78,116.95,134.48,123.81,124.23,133.78,127.05,133.17,138.7,141.42,142.0,150.5,154.14,159.77,175.64,179.39,193.08,213.7,218.78,223.13,217.03,239.69,260.18,PH120000000
Nominal Wage Rate,Corn Workers,Region XIII (Caraga),Female,67.56,82.51,84.7,89.14,95.05,115.16,111.05,113.1,117.24,122.67,135.04,145.51,148.34,149.21,165.4,169.49,181.69,188.52,203.88,219.12,242.09,258.79,246.32,249.43,281.59,306.53,PH160000000
Nominal Wage Rate,Corn Workers,Region XIII (Caraga),Male,77.78,91.85,93.66,90.69,108.39,118.27,128.44,130.45,139.96,138.76,148.71,154.81,156.61,157.41,173.61,176.98,186.52,193.79,207.88,233.93,259.54,271.45,266.63,254.97,299.81,307.2,PH160000000
Nominal Wage Rate,Palay Workers,Autonomous Region in Muslim Mindanao (ARMM),Female,78.33,96.72,111.3,113.93,108.68,117.15,117.99,121.85,124.72,136.93,151.16,159.79,164.82,176.65,197.53,206.2,217.31,238.98,245.14,254.19,272.01,283.31,298.21,289.64,268.7,301.78,PH150000000
Nominal Wage Rate,Palay Workers,Autonomous Region in Muslim Mindanao (ARMM),Male,82.67,103.4,119.73,122.69,136.51,139.14,131.1,132.97,142.9,152.59,166.18,176.82,182.8,177.11,199.79,207.98,219.19,241.07,249.46,256.43,273.54,289.04,293.5,260.68,264.12,270.46,PH150000000
Nominal Wage Rate,Palay Workers,Cordillera Administrative Region (CAR),Female,80.37,92.73,110.38,111.24,118.9,122.32,129.59,137.3,139.66,144.93,145.25,156.17,157.47,166.51,195.27,199.87,203.0,217.12,220.74,249.44,263.49,268.9,272.14,263.26,290.08,297.57,PH140000000
Nominal Wage Rate,Palay Workers,Cordillera Administrative Region (CAR),Male,92.74,112.11,123.9,125.75,154.49,156.94,175.02,173.31,172.95,163.04,168.03,176.02,176.72,176.61,201.66,211.95,214.04,223.91,233.97,263.13,278.36,284.22,292.13,277.42,309.87,317.54,PH140000000
Nominal Wage Rate,Palay Workers,MIMAROPA Region,Female,,,,,,,,,139.31,148.27,145.28,152.06,166.94,187.82,206.81,213.53,224.25,229.81,233.9,245.82,260.52,266.68,267.7,249.67,262.87,307.46,PH170000000
Nominal Wage Rate,Palay Workers,MIMAROPA Region,Male,,,,,,,,,159.84,156.75,156.58,166.68,188.64,194.2,225.26,235.12,253.84,259.91,262.96,278.71,293.65,300.3,304.69,321.84,409.86,422.93,PH170000000
Nominal Wage Rate,Palay Workers,Region I (Ilocos Region),Female,85.79,103.16,119.29,124.72,126.64,135.92,144.98,144.92,150.99,154.99,164.0,162.27,178.28,190.56,227.3,237.35,247.57,249.39,272.62,282.54,300.93,323.73,330.14,313.04,339.53,348.62,PH010000000
Nominal Wage Rate,Palay Workers,Region I (Ilocos Region),Male,94.88,110.85,130.72,133.22,148.83,164.3,168.72,169.54,170.02,175.25,180.26,189.31,192.89,212.14,246.99,255.46,265.96,278.98,293.13,301.94,324.79,342.57,341.51,316.92,362.29,368.53,PH010000000
Nominal Wage Rate,Palay Workers,Region II (Cagayan Valley),Female,83.11,90.21,96.89,105.53,117.18,119.99,123.26,132.36,138.96,136.25,143.11,157.42,176.71,189.27,220.36,226.03,226.97,249.65,278.34,290.31,331.13,350.79,366.1,311.13,311.75,367.6,PH020000000
Nominal Wage Rate,Palay Workers,Region II (Cagayan Valley),Male,96.12,106.53,114.26,123.53,136.6,147.98,152.06,151.63,154.3,158.01,166.61,172.39,178.81,193.91,228.71,232.03,233.34,256.85,282.41,319.16,361.31,389.37,403.28,326.71,321.77,384.42,PH020000000
Nominal Wage Rate,Palay Workers,Region III (Central Luzon),Female,84.82,100.74,111.4,123.72,150.42,152.47,159.57,159.0,170.07,169.39,163.92,181.62,187.24,205.35,226.89,238.99,243.51,257.23,263.88,316.14,332.32,367.35,365.94,317.67,304.89,352.8,PH030000000
Nominal Wage Rate,Palay Workers,Region III (Central Luzon),Male,100.18,119.1,142.61,172.37,186.8,200.32,201.36,208.75,200.17,203.29,211.76,225.22,228.55,241.81,264.13,280.37,294.23,302.7,315.69,357.45,375.26,386.9,395.09,370.82,352.4,353.45,PH030000000
Nominal Wage Rate,Palay Workers,Region IV-A (CALABARZON),Female,85.84,99.35,105.03,135.22,142.11,141.59,142.9,145.9,158.47,161.57,178.21,179.72,193.63,222.5,243.55,254.0,258.34,277.71,299.31,309.22,326.66,336.54,337.75,361.36,397.04,410.2,PH040000000
Nominal Wage Rate,Palay Workers,Region IV-A (CALABARZON),Male,104.25,116.11,128.89,156.24,158.34,160.26,171.99,173.02,171.66,177.54,194.84,197.81,208.28,228.09,255.96,264.49,288.4,297.21,304.79,311.09,328.8,340.06,341.85,392.94,396.36,423.69,PH040000000
Nominal Wage Rate,Palay Workers,Region IX (Zamboanga Peninsula),Female,77.94,87.23,96.04,112.95,116.71,118.84,113.0,118.62,124.17,122.38,125.11,133.72,148.13,166.8,178.94,191.86,198.39,218.06,229.7,235.05,246.14,263.25,264.76,273.63,293.35,300.41,PH090000000
Nominal Wage Rate,Palay Workers,Region IX (Zamboanga Peninsula),Male,78.89,88.46,94.77,104.75,110.08,122.0,120.32,124.49,130.69,134.71,134.64,143.82,155.18,170.37,184.42,195.46,203.67,221.8,235.43,242.53,254.16,273.06,275.28,271.78,300.65,334.05,PH090000000
Nominal Wage Rate,Palay Workers,Region V (Bicol Region),Female,62.83,71.49,90.43,105.57,107.84,103.69,111.01,117.66,121.09,129.25,129.38,133.97,151.86,161.25,193.39,198.53,201.26,212.22,220.72,232.99,245.49,252.97,253.56,259.57,289.66,305.15,PH050000000
Nominal Wage Rate,Palay Workers,Region V (Bicol Region),Male,83.54,99.88,103.15,115.18,123.95,126.84,137.18,138.09,141.15,143.74,144.18,154.01,159.77,174.85,199.6,201.99,209.99,225.99,228.05,248.92,265.3,276.63,277.58,280.27,321.51,328.95,PH050000000
Nominal Wage Rate,Palay Workers,Region VI (Western Visayas),Female,65.45,84.05,90.25,104.8,103.22,112.44,120.4,119.94,117.84,128.66,130.63,134.55,146.22,159.43,175.74,186.33,198.51,206.72,207.78,222.74,236.42,242.03,245.82,253.6,282.14,300.74,PH060000000
Nominal Wage Rate,Palay Workers,Region VI (Western Visayas),Male,82.77,100.43,107.94,125.97,131.48,145.09,151.05,155.12,151.73,146.73,155.06,161.83,166.42,169.6,194.34,197.9,208.17,214.49,218.47,231.13,246.22,258.6,260.25,284.15,307.54,310.94,PH060000000
Nominal Wage Rate,Palay Workers,Region VII (Central Visayas),Female,65.35,74.59,78.86,85.23,87.01,80.59,89.55,94.02,102.75,106.15,112.78,113.67,122.02,144.1,153.99,158.63,166.37,176.06,179.12,206.97,219.21,226.42,233.27,238.29,252.94,254.45,PH070000000
Nominal Wage Rate,Palay Workers,Region VII (Central Visayas),Male,70.18,80.15,80.92,87.84,96.64,89.31,93.98,98.8,106.02,114.5,117.63,121.02,133.17,146.36,161.2,166.66,177.43,185.3,190.73,216.78,227.61,238.7,238.53,249.57,278.52,309.09,PH070000000
Nominal Wage Rate,Palay Workers,Region VIII (Eastern Visayas),Female,66.12,75.72,87.93,84.99,91.57,98.96,106.13,109.67,110.73,120.91,123.51,128.26,136.73,157.33,164.12,164.58,168.11,173.7,180.51,192.26,211.34,231.66,244.05,218.11,263.75,310.39,PH080000000
Nominal Wage Rate,Palay Workers,Region VIII (Eastern Visayas),Male,74.07,82.46,96.23,101.27,120.09,122.29,126.31,128.08,129.96,128.69,130.56,136.66,142.36,155.79,167.41,168.1,176.43,184.84,187.82,195.92,214.85,237.75,248.17,266.32,284.2,317.01,PH080000000
Nominal Wage Rate,Palay Workers,Region X (Northern Mindanao),Female,83.59,91.1,113.16,149.67,139.28,152.17,141.01,142.57,139.31,142.12,141.44,145.94,160.62,175.99,201.41,203.42,208.32,226.57,220.45,228.7,250.08,265.96,271.39,282.9,285.12,328.06,PH100000000
Nominal Wage Rate,Palay Workers,Region X (Northern Mindanao),Male,86.52,96.37,104.33,142.0,150.42,149.98,146.58,148.48,155.14,153.41,153.62,154.5,162.36,177.81,207.36,209.25,212.36,225.09,234.34,242.7,266.05,284.3,288.23,302.26,315.95,345.07,PH100000000
Nominal Wage Rate,Palay Workers,Region XI (Davao Region),Female,80.64,88.79,89.86,104.04,107.33,120.46,116.26,118.64,114.71,130.71,135.2,142.68,160.45,175.17,190.69,195.66,211.55,228.64,241.37,237.39,264.27,285.53,291.65,280.24,315.05,340.7,PH110000000
Nominal Wage Rate,Palay Workers,Region XI (Davao Region),Male,88.82,99.11,105.01,107.9,110.22,108.69,112.24,117.8,129.68,139.84,144.36,165.13,169.49,177.89,192.53,202.13,211.98,233.98,245.19,255.2,275.83,293.18,316.64,330.65,335.45,371.19,PH110000000
Nominal Wage Rate,Palay Workers,Region XII (SOCCSKSARGEN),Female,78.23,99.36,108.23,134.25,131.22,131.36,129.19,132.79,147.8,151.16,150.69,148.74,157.59,166.32,182.32,193.8,209.84,230.91,244.39,236.44,262.2,275.83,278.42,260.98,296.33,321.0,PH120000000
Nominal Wage Rate,Palay Workers,Region XII (SOCCSKSARGEN),Male,88.17,106.61,124.59,138.88,144.18,140.83,142.54,144.74,169.68,157.67,157.19,159.78,163.65,178.18,198.55,206.5,222.13,241.16,256.61,272.68,292.04,310.95,313.37,288.71,336.8,370.24,PH120000000
Nominal Wage Rate,Palay Workers,Region XIII (Caraga),Female,81.27,89.44,93.47,120.12,117.97,108.38,116.46,119.55,122.29,135.43,142.68,151.35,156.81,165.66,184.47,204.77,224.07,239.83,243.72,264.69,288.72,314.91,315.63,360.31,356.53,356.7,PH160000000
Nominal Wage Rate,Palay Workers,Region XIII (Caraga),Male,86.72,100.71,101.85,106.37,122.64,120.92,130.12,135.7,136.8,141.02,150.65,162.86,171.63,171.96,191.23,211.56,234.58,253.18,259.95,277.72,301.91,325.15,326.37,351.15,353.94,356.25,PH160000000
Nominal Wage Rate,Sugarcane Workers,Autonomous Region in Muslim Mindanao (ARMM),Female,,,,,,,,,,,,,,,,,,,,,,,,,,,PH150000000
Nominal Wage Rate,Sugarcane Workers,Autonomous Region in Muslim Mindanao (ARMM),Male,,,,,,,,,,,,,,,,,,,,,,,,,,,PH150000000
Nominal Wage Rate,Sugarcane Workers,Cordillera Administrative Region (CAR),Female,,,,,,,,,,,,,,,,,,,,,,,,,,,PH140000000
Nominal Wage Rate,Sugarcane Workers,Cordillera Administrative Region (CAR),Male,,,,,,,,,,,,,,,,,,,,,,,,,,,PH140000000
Nominal Wage Rate,Sugarcane Workers,MIMAROPA Region,Female,,,,,,,,,,,,,,,,,,,,,,,,,,,PH170000000
Nominal Wage Rate,Sugarcane Workers,MIMAROPA Region,Male,,,,,,,,,,,,,,,,,,,,,,,,,,,PH170000000
Nominal Wage Rate,Sugarcane Workers,Region I (Ilocos Region),Female,,98.8,112.26,,,,,,,,,,,,,,,,,,258.33,,335.0,,350.0,,PH010000000
Nominal Wage Rate,Sugarcane Workers,Region I (Ilocos Region),Male,76.55,94.94,102.31,126.23,127.11,130.78,197.73,148.22,153.13,167.72,165.55,191.69,193.75,226.79,252.05,257.26,257.99,258.06,260.66,310.64,315.0,332.92,333.65,408.59,336.16,353.25,PH010000000
Nominal Wage Rate,Sugarcane Workers,Region II (Cagayan Valley),Female,,,,84.29,100.38,125.41,128.12,127.46,136.79,147.28,155.7,161.1,189.58,196.82,204.96,206.1,209.02,209.31,219.05,244.35,244.54,257.2,260.6,257.51,269.35,308.56,PH020000000
Nominal Wage Rate,Sugarcane Workers,Region II (Cagayan Valley),Male,,,,115.95,120.67,145.39,140.08,135.79,138.18,170.52,194.85,200.14,201.09,201.45,205.77,208.42,210.56,210.87,235.14,247.62,249.0,262.88,264.77,251.31,276.41,322.18,PH020000000
Nominal Wage Rate,Sugarcane Workers,Region III (Central Luzon),Female,70.05,82.36,88.49,116.98,126.76,161.65,137.2,123.0,129.95,157.16,174.43,186.63,197.82,200.17,211.78,251.01,252.0,252.41,264.6,266.67,274.79,284.78,323.83,351.11,301.79,322.58,PH030000000
Nominal Wage Rate,Sugarcane Workers,Region III (Central Luzon),Male,93.13,105.45,111.05,120.89,125.08,130.58,161.85,161.97,164.33,180.09,210.68,222.07,222.9,225.11,227.05,254.82,254.84,255.55,290.1,303.49,314.72,329.48,331.36,275.49,317.8,331.34,PH030000000
Nominal Wage Rate,Sugarcane Workers,Region IV-A (CALABARZON),Female,92.35,102.77,123.68,149.86,,,212.72,140.5,148.31,165.12,173.33,198.48,214.35,214.75,216.0,222.22,,,237.41,261.24,271.84,284.62,300.0,330.32,257.68,328.19,PH040000000
Nominal Wage Rate,Sugarcane Workers,Region IV-A (CALABARZON),Male,94.77,110.5,118.83,131.6,154.55,193.12,206.42,168.38,175.71,177.0,195.84,221.2,223.03,223.27,223.66,225.91,227.86,228.48,229.5,289.83,292.81,305.7,306.85,308.08,258.9,341.08,PH040000000
Nominal Wage Rate,Sugarcane Workers,Region IX (Zamboanga Peninsula),Female,,,,,,,,,,,,,,,,,,,,,,,,,,,PH090000000
Nominal Wage Rate,Sugarcane Workers,Region IX (Zamboanga Peninsula),Male,,,,,,,,,,,,,,,,,,,,,,,,,,,PH090000000
Nominal Wage Rate,Sugarcane Workers,Region V (Bicol Region),Female,67.22,80.87,84.16,123.94,131.6,135.12,,,130.85,123.08,138.82,142.38,150.0,158.04,,,144.54,,,,,210.96,237.94,231.2,247.61,267.68,PH050000000
Nominal Wage Rate,Sugarcane Workers,Region V (Bicol Region),Male,79.68,91.33,98.75,107.31,111.38,139.17,128.74,131.7,138.5,138.58,145.17,159.15,161.59,167.71,168.07,168.37,179.05,182.63,182.92,211.25,223.67,236.96,239.74,241.17,260.24,295.85,PH050000000
Nominal Wage Rate,Sugarcane Workers,Region VI (Western Visayas),Female,69.03,75.64,79.16,86.51,98.42,120.45,127.04,133.49,116.13,130.65,140.3,148.02,173.88,156.85,173.56,179.17,179.34,172.4,185.8,192.87,201.04,218.56,252.04,204.62,248.24,317.53,PH060000000
Nominal Wage Rate,Sugarcane Workers,Region VI (Western Visayas),Male,80.48,92.24,98.9,102.62,129.22,161.27,156.53,161.9,168.17,160.14,153.11,180.13,181.44,189.48,192.99,191.84,192.28,195.67,214.32,231.26,237.47,258.23,261.14,231.28,279.22,301.21,PH060000000
Nominal Wage Rate,Sugarcane Workers,Region VII (Central Visayas),Female,67.88,71.77,73.87,78.48,96.81,126.45,119.85,121.19,123.4,116.36,128.9,127.46,146.67,135.34,136.64,138.06,138.59,166.15,175.95,181.1,201.04,206.72,209.43,242.75,257.1,262.97,PH070000000
Nominal Wage Rate,Sugarcane Workers,Region VII (Central Visayas),Male,77.47,84.05,88.6,95.25,102.73,128.13,135.03,138.44,141.66,144.52,137.84,162.8,163.67,165.69,168.78,169.78,176.21,196.64,215.67,222.35,235.85,243.39,243.6,243.97,265.73,282.15,PH070000000
Nominal Wage Rate,Sugarcane Workers,Region VIII (Eastern Visayas),Female,72.63,90.2,103.7,104.75,,107.26,142.71,134.02,135.19,144.97,152.8,154.44,168.02,169.3,169.78,173.63,173.79,183.83,183.33,189.87,215.92,226.79,237.66,,268.14,277.36,PH080000000
Nominal Wage Rate,Sugarcane Workers,Region VIII (Eastern Visayas),Male,78.04,94.3,106.11,109.34,112.5,137.56,157.77,162.02,156.67,152.41,160.34,173.41,174.18,174.22,174.64,176.35,178.6,187.33,193.17,228.69,240.33,252.91,252.96,257.68,254.97,294.56,PH080000000
Nominal Wage Rate,Sugarcane Workers,Region X (Northern Mindanao),Female,,,,62.12,74.37,95.0,100.0,105.0,107.0,127.96,135.1,134.2,146.9,146.92,151.06,153.32,147.51,164.43,163.38,177.46,182.14,190.17,211.07,249.13,202.88,286.16,PH100000000
Nominal Wage Rate,Sugarcane Workers,Region X (Northern Mindanao),Male,,,,99.13,114.77,125.51,143.8,143.85,134.89,137.47,151.58,164.71,166.05,167.19,171.82,169.7,170.51,180.4,190.54,192.27,229.2,236.28,239.35,233.31,294.13,294.25,PH100000000
Nominal Wage Rate,Sugarcane Workers,Region XI (Davao Region),Female,62.93,80.33,86.48,88.26,101.51,130.65,130.94,135.96,157.75,159.1,164.01,170.3,179.16,177.53,184.39,185.9,169.23,198.44,195.92,206.14,248.31,258.62,259.55,220.44,,205.66,PH110000000
Nominal Wage Rate,Sugarcane Workers,Region XI (Davao Region),Male,79.94,90.77,102.47,103.31,114.34,116.84,137.9,161.88,161.08,161.46,171.79,201.91,202.67,209.09,212.8,209.08,209.72,214.35,216.34,239.63,261.32,272.18,275.82,323.54,363.27,383.88,PH110000000
Nominal Wage Rate,Sugarcane Workers,Region XII (SOCCSKSARGEN),Female,72.34,78.19,84.42,86.47,92.95,117.8,115.75,121.75,122.13,145.1,142.23,148.63,159.32,145.69,148.54,156.14,148.89,155.38,178.7,196.01,210.0,222.49,226.67,238.73,269.72,270.97,PH120000000
Nominal Wage Rate,Sugarcane Workers,Region XII (SOCCSKSARGEN),Male,79.88,88.46,94.55,105.06,121.27,143.99,135.25,163.3,164.79,163.02,175.77,175.22,177.18,181.34,183.38,188.88,191.36,190.56,199.35,216.16,238.05,252.17,253.26,248.7,277.46,279.42,PH120000000
Nominal Wage Rate,Sugarcane Workers,Region XIII (Caraga),Female,,,,,,,,,,,,,,,,,,,,,,,,,,,PH160000000
Nominal Wage Rate,Sugarcane Workers,Region XIII (Caraga),Male,,,,,,,,,,,,,,,,,,,,,,,,,,,PH160000000
Real Wage Rate,Coconut Workers,Autonomous Region in Muslim Mindanao (ARMM),Female,,,,,124.17,103.48,101.41,95.28,98.1,119.22,110.29,109.64,109.64,109.6,,88.74,93.18,89.54,126.04,,,,124.22,172.86,231.73,,PH150000000
Real Wage Rate,Coconut Workers,Autonomous Region in Muslim Mindanao (ARMM),Male,,,,129.73,120.11,121.1,127.12,120.8,140.1,136.04,131.33,122.52,114.81,110.57,102.68,97.45,93.27,90.5,133.03,138.01,125.68,135.84,139.67,211.92,276.64,274.59,PH150000000
Real Wage Rate,Coconut Workers,Cordillera Administrative Region (CAR),Female,,,,,,,,,,,,,,,,,,,,,,,,,,,PH140000000
Real Wage Rate,Coconut Workers,Cordillera Administrative Region (CAR),Male,,,,,,,,,,,,,,,,,,,,,,,,,,,PH140000000
Real Wage Rate,Coconut Workers,MIMAROPA Region,Female,,,,,,,,,113.73,119.54,127.96,115.85,117.49,127.46,119.63,116.71,125.53,121.27,153.95,164.59,154.16,155.83,158.09,203.66,213.59,337.23,PH170000000
Real Wage Rate,Coconut Workers,MIMAROPA Region,Male,,,,,,,,,133.03,133.44,132.85,133.67,128.94,130.82,126.99,130.4,128.24,126.34,166.53,178.81,173.84,174.86,176.18,258.39,263.16,340.93,PH170000000
Real Wage Rate,Coconut Workers,Region I (Ilocos Region),Female,131.02,127.33,,120.49,,,100.0,,,,,,,,,,,,,,,,,,,,PH010000000
Real Wage Rate,Coconut Workers,Region I (Ilocos Region),Male,145.54,142.97,146.96,148.15,142.08,156.62,167.41,156.63,156.41,144.16,136.8,137.43,133.11,130.01,137.72,133.37,131.72,131.24,205.46,259.25,240.94,245.93,246.95,250.63,230.59,290.66,PH010000000
Real Wage Rate,Coconut Workers,Region II (Cagayan Valley),Female,,,,,,,,,121.87,125.05,117.65,,,,121.64,,,,,155.36,150.83,,,,,,PH020000000
Real Wage Rate,Coconut Workers,Region II (Cagayan Valley),Male,,,,,89.69,103.26,125.86,121.63,135.09,133.22,133.64,137.86,132.37,141.16,128.36,122.69,121.91,120.35,177.81,202.51,187.96,189.4,190.25,343.77,329.19,366.09,PH020000000
Real Wage Rate,Coconut Workers,Region III (Central Luzon),Female,,,,,,,,,,,,133.77,,,,,,,,,,,220.39,,,280.58,PH030000000
Real Wage Rate,Coconut Workers,Region III (Central Luzon),Male,137.2,142.92,156.81,180.29,168.1,169.25,162.0,140.43,154.44,178.57,169.9,175.79,167.5,176.14,174.23,167.88,162.77,159.49,228.68,229.11,223.52,237.78,240.59,286.7,275.17,301.17,PH030000000
Real Wage Rate,Coconut Workers,Region IV-A (CALABARZON),Female,122.33,118.51,119.14,115.98,115.5,130.2,136.89,118.9,,,155.04,,,,,119.24,,144.32,189.67,225.23,,,,,,328.18,PH040000000
Real Wage Rate,Coconut Workers,Region IV-A (CALABARZON),Male,135.13,131.9,128.6,138.02,137.25,162.8,137.12,154.99,159.1,167.72,161.89,156.26,148.41,168.26,160.3,162.04,159.77,159.5,212.99,230.8,219.01,226.93,227.68,336.36,323.08,330.66,PH040000000
Real Wage Rate,Coconut Workers,Region IX (Zamboanga Peninsula),Female,,,,,103.13,,,97.87,,127.93,112.41,116.83,113.5,113.53,100.65,97.74,100.02,100.12,129.4,140.94,142.87,145.81,145.71,188.96,173.05,211.97,PH090000000
Real Wage Rate,Coconut Workers,Region IX (Zamboanga Peninsula),Male,124.57,121.07,121.03,138.67,129.75,140.46,143.93,137.01,123.95,124.96,118.61,119.67,116.19,113.78,101.23,98.29,100.04,100.31,136.94,158.4,147.08,148.32,149.41,209.85,212.6,226.43,PH090000000
Real Wage Rate,Coconut Workers,Region V (Bicol Region),Female,121.01,116.13,93.55,103.51,89.09,84.03,90.91,81.55,91.41,93.58,82.0,,,,,,102.99,,,140.15,,,140.3,250.66,233.93,278.48,PH050000000
Real Wage Rate,Coconut Workers,Region V (Bicol Region),Male,130.7,133.66,110.25,125.0,127.67,126.66,115.34,123.54,126.04,116.65,111.74,111.46,107.25,108.29,105.2,100.8,103.44,105.78,148.79,143.96,141.38,152.49,181.86,239.26,300.32,292.84,PH050000000
Real Wage Rate,Coconut Workers,Region VI (Western Visayas),Female,104.83,103.94,85.93,99.88,70.29,72.46,81.43,82.97,99.62,80.62,78.74,80.14,85.56,102.09,103.53,99.38,103.7,100.64,130.51,129.27,134.86,150.52,,248.92,275.58,302.8,PH060000000
Real Wage Rate,Coconut Workers,Region VI (Western Visayas),Male,108.16,108.19,90.16,116.28,110.9,102.23,102.96,97.61,103.64,110.13,107.17,105.35,104.88,114.21,110.49,106.0,105.27,102.91,143.25,140.9,138.98,148.46,149.86,256.9,257.09,270.7,PH060000000
Real Wage Rate,Coconut Workers,Region VII (Central Visayas),Female,103.62,102.87,,106.5,112.44,90.62,99.72,78.93,92.52,89.29,75.92,77.33,84.19,98.95,92.04,92.93,96.06,97.3,,146.04,148.25,159.81,,178.54,174.26,234.2,PH070000000
Real Wage Rate,Coconut Workers,Region VII (Central Visayas),Male,114.66,115.25,108.72,149.71,134.01,126.65,121.29,116.2,112.57,108.18,104.63,99.34,98.75,108.89,99.53,98.67,97.5,102.88,140.46,164.92,158.23,159.83,161.35,217.32,230.24,234.75,PH070000000
Real Wage Rate,Coconut Workers,Region VIII (Eastern Visayas),Female,,95.49,,,,,,,,,80.33,85.27,88.01,,,,,96.57,126.41,144.57,151.88,,,,208.13,245.34,PH080000000
Real Wage Rate,Coconut Workers,Region VIII (Eastern Visayas),Male,115.59,117.74,110.1,141.9,120.65,121.66,117.98,111.8,109.56,111.28,113.37,111.81,107.36,120.15,107.25,101.88,104.95,106.75,148.55,152.31,152.8,154.85,156.15,215.44,212.31,246.42,PH080000000
Real Wage Rate,Coconut Workers,Region X (Northern Mindanao),Female,115.49,111.53,111.89,106.48,,,,94.25,100.58,97.34,101.65,107.85,108.79,113.17,102.26,98.06,108.1,105.18,138.83,135.51,140.98,154.84,155.22,197.25,210.31,233.57,PH100000000
Real Wage Rate,Coconut Workers,Region X (Northern Mindanao),Male,130.72,132.27,148.91,132.41,123.05,120.55,124.57,117.87,116.29,116.92,123.64,124.82,118.53,120.61,118.17,117.18,114.42,114.22,152.03,165.1,157.17,159.95,160.23,230.42,240.66,234.96,PH100000000
Real Wage Rate,Coconut Workers,Region XI (Davao Region),Female,,101.03,97.19,96.24,93.17,85.6,95.05,91.26,99.24,106.46,104.96,99.26,100.69,101.22,93.98,90.19,92.97,98.16,130.2,158.72,149.02,153.91,161.47,236.38,315.89,347.57,PH110000000
Real Wage Rate,Coconut Workers,Region XI (Davao Region),Male,112.3,114.62,124.95,139.0,116.9,130.73,130.82,123.87,128.34,117.54,111.06,107.12,107.68,106.69,100.25,96.9,93.65,98.69,143.04,179.07,163.29,171.63,172.45,235.57,253.33,277.94,PH110000000
Real Wage Rate,Coconut Workers,Region XII (SOCCSKSARGEN),Female,115.72,110.67,116.34,111.15,94.14,89.92,96.78,90.95,112.46,116.07,117.73,118.93,120.4,126.06,116.0,111.82,109.37,108.6,138.91,141.64,140.37,150.05,150.07,224.07,211.8,231.41,PH120000000
Real Wage Rate,Coconut Workers,Region XII (SOCCSKSARGEN),Male,115.6,120.81,110.5,144.54,133.68,132.08,109.35,108.04,156.52,132.61,132.77,132.28,127.09,126.94,118.51,114.09,112.54,113.81,148.42,143.95,133.87,137.92,138.6,227.02,217.55,226.48,PH120000000
Real Wage Rate,Coconut Workers,Region XIII (Caraga),Female,,,,,,,,,,,141.27,,,,,,,,146.43,171.49,165.74,172.2,173.96,202.63,229.98,309.29,PH160000000
Real Wage Rate,Coconut Workers,Region XIII (Caraga),Male,118.05,116.28,136.19,137.8,135.64,147.7,150.34,148.57,151.38,151.89,144.27,138.37,132.89,146.26,131.17,125.93,121.53,124.17,170.54,174.19,171.35,183.19,189.43,321.87,318.97,313.32,PH160000000
Real Wage Rate,Corn Workers,Autonomous Region in Muslim Mindanao (ARMM),Female,117.2,133.63,112.98,131.01,133.84,149.02,112.07,105.86,98.36,107.24,119.05,116.63,109.43,105.76,101.06,105.48,101.53,103.22,145.4,146.91,147.1,152.17,147.47,208.13,187.82,195.87,PH150000000
Real Wage Rate,Corn Workers,Autonomous Region in Muslim Mindanao (ARMM),Male,116.63,138.09,139.66,146.14,140.99,157.75,138.1,129.5,121.67,120.71,128.53,123.06,114.4,109.3,103.22,104.12,99.63,104.49,147.56,153.43,158.12,164.27,155.11,199.34,194.53,191.86,PH150000000
Real Wage Rate,Corn Workers,Cordillera Administrative Region (CAR),Female,100.19,108.76,120.58,131.37,125.54,122.53,120.85,110.4,117.43,121.3,115.71,110.21,110.64,119.35,123.47,133.3,130.16,133.57,188.95,187.15,189.29,196.54,187.5,201.78,211.05,216.12,PH140000000
Real Wage Rate,Corn Workers,Cordillera Administrative Region (CAR),Male,115.44,118.06,125.75,138.41,136.75,148.43,145.64,135.49,153.97,135.95,126.2,130.89,126.51,128.11,131.05,136.47,134.24,136.55,192.47,190.82,207.15,218.37,200.7,224.65,245.46,248.81,PH140000000
Real Wage Rate,Corn Workers,MIMAROPA Region,Female,,,,,,,,,86.42,93.57,96.55,97.04,98.11,112.31,114.45,118.02,122.57,124.31,149.31,145.79,158.45,158.98,160.41,205.09,208.94,224.41,PH170000000
Real Wage Rate,Corn Workers,MIMAROPA Region,Male,,,,,,,,,94.14,108.12,120.87,124.5,121.84,120.28,119.03,125.72,127.52,130.63,164.71,177.45,172.94,179.36,177.42,210.16,216.85,249.71,PH170000000
Real Wage Rate,Corn Workers,Region I (Ilocos Region),Female,109.41,110.63,119.16,115.76,112.55,128.11,125.19,114.1,106.11,108.2,111.7,108.15,109.86,115.36,119.59,122.16,119.39,126.92,172.8,189.34,184.37,189.09,196.22,219.7,222.2,251.63,PH010000000
Real Wage Rate,Corn Workers,Region I (Ilocos Region),Male,118.61,129.34,132.4,130.2,125.11,137.48,132.42,124.08,116.62,121.18,121.87,123.76,119.31,122.58,121.6,126.76,132.8,133.97,183.78,206.97,206.64,208.23,205.79,266.38,264.84,266.76,PH010000000
Real Wage Rate,Corn Workers,Region II (Cagayan Valley),Female,93.67,100.81,103.97,93.51,91.11,102.03,108.8,100.38,95.98,104.56,109.41,106.31,110.57,115.98,123.57,118.1,119.6,126.02,168.73,177.32,193.07,193.89,189.39,181.79,211.15,247.91,PH020000000
Real Wage Rate,Corn Workers,Region II (Cagayan Valley),Male,125.96,128.17,118.3,122.62,108.12,125.93,121.22,116.8,108.19,118.31,119.14,117.76,116.36,119.4,125.03,120.4,121.5,130.46,170.5,190.77,196.08,200.51,191.27,203.99,222.01,262.33,PH020000000
Real Wage Rate,Corn Workers,Region III (Central Luzon),Female,101.47,102.14,87.34,97.16,103.96,106.11,109.29,112.2,104.68,120.91,124.45,133.37,142.54,150.34,143.79,148.36,148.05,,,,,162.08,195.15,268.41,249.81,257.28,PH030000000
Real Wage Rate,Corn Workers,Region III (Central Luzon),Male,132.66,139.44,129.91,160.37,161.87,163.4,145.64,139.22,152.06,144.93,143.59,140.0,140.94,149.99,149.79,146.07,145.06,151.54,209.71,240.67,243.67,263.02,211.03,287.13,274.64,295.4,PH030000000
Real Wage Rate,Corn Workers,Region IV-A (CALABARZON),Female,109.65,111.78,118.73,129.12,128.98,123.14,121.12,106.74,89.66,,98.98,,111.97,,118.02,137.81,123.0,128.0,,169.62,186.34,189.56,207.37,289.47,313.91,325.06,PH040000000
Real Wage Rate,Corn Workers,Region IV-A (CALABARZON),Male,136.16,146.24,158.71,154.45,146.62,138.8,133.66,124.71,129.59,128.86,140.51,135.99,132.47,130.97,130.11,136.04,131.5,137.37,178.11,189.8,211.45,215.58,214.59,300.01,310.36,331.34,PH040000000
Real Wage Rate,Corn Workers,Region IX (Zamboanga Peninsula),Female,100.06,102.14,106.68,99.99,107.18,93.43,90.01,86.35,84.99,93.9,99.75,98.31,100.98,104.2,94.36,92.59,93.39,97.45,128.19,130.17,125.47,135.13,132.77,182.18,179.6,192.69,PH090000000
Real Wage Rate,Corn Workers,Region IX (Zamboanga Peninsula),Male,110.41,111.03,103.07,108.2,106.09,124.71,118.39,113.3,105.54,104.85,108.91,106.14,103.93,105.23,95.75,93.37,92.27,100.76,133.67,139.86,142.21,142.61,139.76,184.93,201.62,204.24,PH090000000
Real Wage Rate,Corn Workers,Region V (Bicol Region),Female,92.16,94.39,95.35,93.71,90.53,93.73,89.6,84.9,75.48,85.78,84.6,90.55,96.63,97.51,98.67,97.24,93.78,98.22,128.01,142.99,146.26,150.21,159.64,206.53,211.75,214.52,PH050000000
Real Wage Rate,Corn Workers,Region V (Bicol Region),Male,110.28,110.63,109.99,103.28,100.41,124.25,115.89,111.56,106.21,103.95,98.66,98.62,101.8,101.18,99.75,98.15,96.02,101.7,132.53,151.82,151.09,160.43,169.0,226.41,234.97,248.46,PH050000000
Real Wage Rate,Corn Workers,Region VI (Western Visayas),Female,77.25,87.67,91.44,91.07,87.32,89.86,91.73,83.91,87.5,92.18,92.69,98.08,103.11,109.68,107.69,105.84,106.35,106.56,137.85,143.32,142.85,143.16,147.89,198.64,198.99,216.6,PH060000000
Real Wage Rate,Corn Workers,Region VI (Western Visayas),Male,97.96,111.39,113.58,113.0,102.44,112.75,106.49,104.72,107.29,109.7,109.07,109.29,112.57,114.55,110.43,106.61,104.48,108.23,139.88,148.99,150.31,149.8,145.24,241.35,233.5,230.19,PH060000000
Real Wage Rate,Corn Workers,Region VII (Central Visayas),Female,89.06,94.97,106.45,105.9,92.44,93.12,87.24,81.08,75.77,76.39,85.86,93.48,91.97,95.26,88.95,89.03,87.44,91.94,129.08,128.27,134.11,135.54,137.53,196.06,187.52,195.92,PH070000000
Real Wage Rate,Corn Workers,Region VII (Central Visayas),Male,96.86,107.94,98.86,97.5,95.87,102.3,99.21,92.68,90.57,89.53,93.93,94.87,97.38,96.95,91.39,90.6,90.84,97.38,136.33,131.82,134.96,146.73,148.42,198.34,215.37,219.56,PH070000000
Real Wage Rate,Corn Workers,Region VIII (Eastern Visayas),Female,88.79,93.87,88.15,92.96,84.77,85.43,90.92,85.03,82.15,80.38,84.8,90.88,93.01,96.12,89.81,87.08,87.45,92.3,120.22,119.81,122.8,141.42,145.32,186.11,214.76,220.06,PH080000000
Real Wage Rate,Corn Workers,Region VIII (Eastern Visayas),Male,97.04,98.32,99.42,101.83,105.94,99.09,96.76,95.08,88.35,91.94,104.48,103.64,101.8,99.36,90.94,87.81,88.47,95.6,125.33,130.01,129.27,163.11,158.59,192.42,190.18,226.27,PH080000000
Real Wage Rate,Corn Workers,Region X (Northern Mindanao),Female,113.95,118.24,107.25,104.04,105.0,109.92,103.9,94.96,97.74,100.83,101.17,108.53,103.38,104.41,102.36,98.44,95.67,98.74,130.4,129.24,127.37,128.34,129.63,199.96,183.82,201.73,PH100000000
Real Wage Rate,Corn Workers,Region X (Northern Mindanao),Male,119.31,123.72,120.75,124.03,114.99,126.06,118.39,111.04,107.52,106.64,106.57,106.31,105.32,106.06,106.1,103.22,100.46,101.86,133.73,132.8,130.31,131.39,131.01,190.08,185.19,202.05,PH100000000
Real Wage Rate,Corn Workers,Region XI (Davao Region),Female,101.64,108.87,96.47,99.78,89.46,98.86,88.78,85.85,86.98,92.22,99.98,98.5,97.51,98.71,95.6,91.61,89.07,92.87,124.42,119.47,124.67,123.6,128.75,221.57,218.35,242.83,PH110000000
Real Wage Rate,Corn Workers,Region XI (Davao Region),Male,106.23,117.75,101.2,99.67,99.16,118.31,108.96,102.32,99.85,99.61,102.91,102.82,100.64,99.07,97.22,93.41,92.38,95.75,130.01,127.95,130.8,133.87,134.47,218.1,218.55,244.94,PH110000000
Real Wage Rate,Corn Workers,Region XII (SOCCSKSARGEN),Female,104.01,105.64,86.05,99.71,91.15,110.17,99.4,96.11,99.47,101.38,99.33,102.29,101.23,99.14,94.6,94.58,93.82,97.82,128.19,138.77,139.2,144.38,140.37,182.45,189.05,194.25,PH120000000
Real Wage Rate,Corn Workers,Region XII (SOCCSKSARGEN),Male,122.73,141.29,125.76,121.92,122.33,136.53,123.81,118.77,123.99,114.15,112.19,109.47,106.01,102.97,97.79,96.22,95.56,102.59,131.71,136.74,143.93,145.27,143.95,191.05,198.91,209.82,PH120000000
Real Wage Rate,Corn Workers,Region XIII (Caraga),Female,97.35,111.65,105.48,106.5,104.68,118.72,111.05,107.0,108.05,109.43,113.0,112.27,107.96,106.2,102.48,100.35,103.7,104.31,143.17,148.15,155.49,162.15,151.49,221.13,239.86,256.3,PH160000000
Real Wage Rate,Corn Workers,Region XIII (Caraga),Male,112.07,124.29,116.64,108.35,119.37,121.93,128.44,123.42,129.0,123.78,124.44,119.45,113.98,112.04,107.57,104.78,106.46,107.22,145.98,158.17,166.7,170.08,163.98,226.04,255.37,256.86,PH160000000
Real Wage Rate,Palay Workers,Autonomous Region in Muslim Mindanao (ARMM),Female,121.07,139.77,145.68,140.48,123.36,125.16,117.99,113.45,112.05,119.38,124.1,120.23,113.98,116.37,115.51,114.36,113.66,121.23,173.0,173.51,168.95,175.97,185.22,250.34,217.04,237.44,PH150000000
Real Wage Rate,Palay Workers,Autonomous Region in Muslim Mindanao (ARMM),Male,127.77,149.42,156.71,151.28,154.95,148.65,131.1,123.81,128.39,133.03,136.44,133.04,126.42,116.67,116.84,115.35,114.64,122.29,176.05,175.03,169.9,179.53,182.3,225.31,213.34,212.79,PH150000000
Real Wage Rate,Palay Workers,Cordillera Administrative Region (CAR),Female,111.16,120.9,134.45,131.33,128.4,125.33,129.59,129.9,130.16,125.8,117.23,117.69,112.48,116.77,125.74,124.14,121.05,127.12,172.18,188.25,185.56,189.37,191.65,235.47,250.28,251.11,PH140000000
Real Wage Rate,Palay Workers,Cordillera Administrative Region (CAR),Male,128.27,146.17,150.91,148.47,166.84,160.8,175.02,163.96,161.18,141.52,135.62,132.64,126.23,123.85,129.85,131.65,127.63,131.09,182.5,198.59,196.03,200.15,205.73,248.14,267.36,267.97,PH140000000
Real Wage Rate,Palay Workers,MIMAROPA Region,Female,,,,,,,,,126.53,131.8,124.17,121.16,125.52,136.7,136.42,136.62,138.0,139.1,175.47,179.82,176.26,180.43,181.12,223.12,223.91,251.6,PH170000000
Real Wage Rate,Palay Workers,MIMAROPA Region,Male,,,,,,,,,145.18,139.33,133.83,132.81,141.83,141.34,148.59,150.43,156.21,157.32,197.27,203.88,198.68,203.18,206.15,287.61,349.11,346.1,PH170000000
Real Wage Rate,Palay Workers,Region I (Ilocos Region),Female,123.8,139.22,150.43,149.01,138.4,139.26,144.98,134.81,136.77,137.28,136.66,123.77,127.89,133.35,145.89,147.15,149.77,147.83,220.39,222.82,220.14,236.82,241.51,285.62,292.7,292.96,PH010000000
Real Wage Rate,Palay Workers,Region I (Ilocos Region),Male,136.91,149.6,164.84,159.16,162.66,168.34,168.72,157.71,154.0,155.23,150.22,144.4,138.37,148.45,158.53,158.38,160.9,165.37,236.97,238.12,237.6,250.6,249.82,289.16,312.32,309.69,PH010000000
Real Wage Rate,Palay Workers,Region II (Cagayan Valley),Female,119.93,123.41,122.18,127.3,130.06,123.32,123.26,123.59,127.02,121.43,122.32,125.94,133.06,139.27,147.1,143.24,138.9,148.99,212.15,214.09,223.44,236.7,247.03,276.81,263.3,303.55,PH020000000
Real Wage Rate,Palay Workers,Region II (Cagayan Valley),Male,138.7,145.73,144.09,149.01,151.61,152.09,152.06,141.58,141.04,140.83,142.4,137.91,134.65,142.69,152.68,147.04,142.8,153.28,215.25,235.37,243.8,262.73,272.12,290.67,271.77,317.44,PH020000000
Real Wage Rate,Palay Workers,Region III (Central Luzon),Female,121.34,136.69,141.01,148.7,164.57,157.84,159.57,150.28,157.62,152.19,138.21,143.35,139.63,149.24,148.39,150.5,148.66,153.09,200.21,233.49,228.87,253.0,252.02,284.14,264.43,296.97,PH030000000
Real Wage Rate,Palay Workers,Region III (Central Luzon),Male,143.32,161.6,180.52,207.18,204.38,207.37,201.36,197.31,185.51,182.65,178.55,177.76,170.43,175.73,172.75,176.56,179.63,180.15,239.52,264.0,258.44,266.46,272.1,331.68,305.64,297.52,PH030000000
Real Wage Rate,Palay Workers,Region IV-A (CALABARZON),Female,121.76,133.0,131.62,159.93,155.74,146.42,142.9,135.28,142.0,140.86,147.04,138.78,140.92,157.91,160.02,161.68,157.43,165.33,230.59,232.15,231.84,238.85,239.71,328.51,344.65,346.75,PH040000000
Real Wage Rate,Palay Workers,Region IV-A (CALABARZON),Male,147.87,155.44,161.52,184.79,173.52,165.73,171.99,160.43,153.82,154.79,160.76,152.75,151.59,161.88,168.17,168.36,175.75,176.94,234.82,233.55,233.36,241.35,242.62,357.22,344.06,358.15,PH040000000
Real Wage Rate,Palay Workers,Region IX (Zamboanga Peninsula),Female,114.79,118.36,119.45,136.41,127.97,122.26,113.0,112.86,115.08,111.15,106.75,105.79,110.3,120.09,113.47,117.42,117.67,126.36,168.77,165.64,155.68,166.51,167.46,236.5,238.88,242.07,PH090000000
Real Wage Rate,Palay Workers,Region IX (Zamboanga Peninsula),Male,116.19,120.03,117.87,126.51,120.7,125.51,120.32,118.45,121.12,122.35,114.88,113.78,115.55,122.66,116.94,119.62,120.8,128.53,172.98,170.92,160.76,172.71,174.12,234.9,244.83,269.18,PH090000000
Real Wage Rate,Palay Workers,Region V (Bicol Region),Female,96.22,99.43,114.32,127.19,120.09,108.92,111.01,110.79,110.69,114.48,107.37,104.25,111.91,114.93,125.9,123.62,120.51,124.85,166.71,170.07,166.77,171.85,172.26,235.33,245.89,251.57,PH050000000
Real Wage Rate,Palay Workers,Region V (Bicol Region),Male,127.93,138.92,130.4,138.77,138.03,133.24,137.18,130.03,129.02,127.32,119.65,119.86,117.74,124.63,129.95,125.77,125.74,132.95,172.24,181.69,180.23,187.93,188.57,254.1,272.93,271.19,PH050000000
Real Wage Rate,Palay Workers,Region VI (Western Visayas),Female,91.92,110.16,112.25,124.32,114.43,116.4,120.4,113.69,108.51,113.25,109.5,104.96,109.04,115.53,114.79,116.17,120.31,122.42,157.53,162.7,154.73,158.4,160.88,226.02,237.69,247.12,PH060000000
Real Wage Rate,Palay Workers,Region VI (Western Visayas),Male,116.25,131.63,134.25,149.43,145.76,150.2,151.05,147.03,139.71,129.16,129.97,126.23,124.1,122.9,126.94,123.38,126.16,127.02,165.63,168.83,161.14,169.24,170.32,253.25,259.09,255.5,PH060000000
Real Wage Rate,Palay Workers,Region VII (Central Visayas),Female,97.68,104.47,103.22,106.14,98.76,85.92,89.55,87.22,91.01,88.68,89.22,84.45,85.57,98.9,95.29,95.56,96.9,100.84,139.5,153.42,148.21,153.09,157.72,206.85,208.01,205.87,PH070000000
Real Wage Rate,Palay Workers,Region VII (Central Visayas),Male,104.9,112.25,105.92,109.39,109.69,95.21,93.98,91.65,93.9,95.66,93.07,89.91,93.39,100.45,99.75,100.4,103.34,106.13,148.54,160.69,153.89,161.39,161.28,216.64,229.05,250.07,PH070000000
Real Wage Rate,Palay Workers,Region VIII (Eastern Visayas),Female,97.24,102.05,106.97,101.78,102.31,103.08,106.13,103.56,101.49,107.95,104.76,102.28,102.73,114.76,105.34,100.17,99.41,100.65,135.01,137.82,137.33,150.53,158.58,187.06,214.43,248.51,PH080000000
Real Wage Rate,Palay Workers,Region VIII (Eastern Visayas),Male,108.93,111.13,117.07,121.28,134.18,127.39,126.31,120.94,119.12,114.9,110.73,108.98,106.96,113.63,107.45,102.31,104.33,107.1,140.48,140.44,139.6,154.48,161.25,228.4,231.06,253.81,PH080000000
Real Wage Rate,Palay Workers,Region X (Northern Mindanao),Female,123.11,125.48,143.42,181.2,153.39,159.17,141.01,134.37,127.34,125.11,116.31,111.49,115.31,121.71,125.18,121.01,120.07,126.05,159.4,158.38,161.34,171.59,175.09,244.94,234.86,262.24,PH100000000
Real Wage Rate,Palay Workers,Region X (Northern Mindanao),Male,127.42,132.74,132.23,171.91,165.66,156.88,146.58,139.94,141.81,135.04,126.33,118.03,116.55,122.97,128.88,124.48,122.4,125.23,169.44,168.07,171.65,183.42,185.95,261.7,260.26,275.84,PH100000000
Real Wage Rate,Palay Workers,Region XI (Davao Region),Female,113.9,117.76,110.94,122.54,116.16,124.83,116.26,112.24,104.56,115.87,110.64,107.36,114.04,121.06,119.48,117.16,121.72,128.12,177.87,169.44,171.82,185.65,189.63,250.66,266.99,281.57,PH110000000
Real Wage Rate,Palay Workers,Region XI (Davao Region),Male,125.45,131.45,129.64,127.09,119.29,112.63,112.24,111.45,118.21,123.97,118.13,124.25,120.46,122.94,120.63,121.04,121.97,131.11,180.69,182.15,179.34,190.62,205.88,295.75,284.28,306.77,PH110000000
Real Wage Rate,Palay Workers,Region XII (SOCCSKSARGEN),Female,105.29,125.93,128.54,151.87,137.26,133.36,129.19,126.95,136.98,135.81,126.95,117.4,118.13,120.61,118.47,120.97,125.5,134.87,179.43,167.45,169.16,177.95,179.63,229.74,245.92,258.87,PH120000000
Real Wage Rate,Palay Workers,Region XII (SOCCSKSARGEN),Male,118.67,135.12,147.97,157.1,150.82,142.97,142.54,138.37,157.26,141.66,132.43,126.11,122.68,129.21,129.01,128.9,132.85,140.86,188.41,193.11,188.42,200.61,202.17,254.15,279.5,298.58,PH120000000
Real Wage Rate,Palay Workers,Region XIII (Caraga),Female,117.1,121.03,116.4,143.51,129.92,111.73,116.46,113.1,112.71,120.81,119.39,116.79,114.13,117.91,114.29,121.24,127.89,132.7,171.15,178.96,177.57,193.67,194.11,319.42,303.69,298.24,PH160000000
Real Wage Rate,Palay Workers,Region XIII (Caraga),Male,124.96,136.28,126.84,127.08,135.07,124.66,130.12,128.38,126.08,125.79,126.07,125.66,124.91,122.39,118.48,125.26,133.89,140.08,182.55,187.78,185.68,199.97,200.72,311.3,301.48,297.87,PH160000000
Real Wage Rate,Sugarcane Workers,Autonomous Region in Muslim Mindanao (ARMM),Female,,,,,,,,,,,,,,,,,,,,,,,,,,,PH150000000
Real Wage Rate,Sugarcane Workers,Autonomous Region in Muslim Mindanao (ARMM),Male,,,,,,,,,,,,,,,,,,,,,,,,,,,PH150000000
Real Wage Rate,Sugarcane Workers,Cordillera Administrative Region (CAR),Female,,,,,,,,,,,,,,,,,,,,,,,,,,,PH140000000
Real Wage Rate,Sugarcane Workers,Cordillera Administrative Region (CAR),Male,,,,,,,,,,,,,,,,,,,,,,,,,,,PH140000000
Real Wage Rate,Sugarcane Workers,MIMAROPA Region,Female,,,,,,,,,,,,,,,,,,,,,,,,,,,PH170000000
Real Wage Rate,Sugarcane Workers,MIMAROPA Region,Male,,,,,,,,,,,,,,,,,,,,,,,,,,,PH170000000
Real Wage Rate,Sugarcane Workers,Region I (Ilocos Region),Female,,133.33,141.56,,,,,,,,,,,,,,,,,,188.98,,245.06,,301.72,,PH010000000
Real Wage Rate,Sugarcane Workers,Region I (Ilocos Region),Male,110.46,128.12,129.02,150.81,138.92,134.0,197.73,137.88,138.7,148.56,137.96,146.21,138.99,158.71,161.78,159.49,156.07,152.97,210.72,244.98,230.43,243.54,244.07,372.8,289.79,296.85,PH010000000
Real Wage Rate,Sugarcane Workers,Region II (Cagayan Valley),Female,,,,101.68,111.41,128.89,128.12,119.01,125.04,131.27,133.08,128.88,142.76,144.83,136.82,130.61,127.92,124.91,166.96,180.2,165.01,173.55,175.84,229.1,227.49,254.8,PH020000000
Real Wage Rate,Sugarcane Workers,Region II (Cagayan Valley),Male,,,,139.87,133.93,149.42,140.08,126.79,126.31,151.98,166.54,160.11,151.42,148.23,137.36,132.08,128.86,125.84,179.22,182.61,168.02,177.38,178.66,223.58,233.45,266.05,PH020000000
Real Wage Rate,Sugarcane Workers,Region III (Central Luzon),Female,100.21,111.75,112.01,140.6,138.69,167.34,137.2,116.26,120.44,141.2,147.07,147.3,147.52,145.47,138.51,158.07,153.85,150.22,200.76,196.95,189.25,196.13,223.02,314.05,261.74,271.53,PH030000000
Real Wage Rate,Sugarcane Workers,Region III (Central Luzon),Male,133.23,143.08,140.57,145.3,136.85,135.18,161.85,153.09,152.3,161.81,177.64,175.27,166.22,163.6,148.5,160.47,155.58,152.09,220.11,224.14,216.75,226.91,228.21,246.41,275.63,278.91,PH030000000
Real Wage Rate,Sugarcane Workers,Region IV-A (CALABARZON),Female,130.99,137.58,154.99,177.24,,,212.72,130.27,132.89,143.96,143.01,153.27,156.0,152.41,141.92,141.45,,,182.9,196.13,192.93,202.0,212.92,300.29,223.68,277.42,PH040000000
Real Wage Rate,Sugarcane Workers,Region IV-A (CALABARZON),Male,134.43,147.93,148.91,155.65,169.37,199.71,206.42,156.12,157.45,154.32,161.58,170.81,162.32,158.46,146.95,143.8,138.85,136.02,176.81,217.59,207.81,216.96,217.78,280.07,224.74,288.31,PH040000000
Real Wage Rate,Sugarcane Workers,Region IX (Zamboanga Peninsula),Female,,,,,,,,,,,,,,,,,,,,,,,,,,,PH090000000
Real Wage Rate,Sugarcane Workers,Region IX (Zamboanga Peninsula),Male,,,,,,,,,,,,,,,,,,,,,,,,,,,PH090000000
Real Wage Rate,Sugarcane Workers,Region V (Bicol Region),Female,102.94,112.48,106.4,149.33,146.55,141.93,,,119.61,109.02,115.2,110.8,110.54,112.64,,,86.55,,,,,143.31,161.64,209.61,210.2,220.68,PH050000000
Real Wage Rate,Sugarcane Workers,Region V (Bicol Region),Male,122.02,127.02,124.84,129.29,124.03,146.19,128.74,124.01,126.6,122.75,120.47,123.85,119.08,119.54,109.42,104.84,107.22,107.45,138.16,154.2,151.95,160.98,162.87,218.65,220.92,243.9,PH050000000
Real Wage Rate,Sugarcane Workers,Region VI (Western Visayas),Female,96.95,99.13,98.46,102.62,109.11,124.69,127.04,126.53,106.93,115.01,117.6,115.46,129.66,113.66,113.36,111.7,108.69,102.1,140.86,140.88,131.57,143.03,164.95,182.37,209.13,260.91,PH060000000
Real Wage Rate,Sugarcane Workers,Region VI (Western Visayas),Male,113.03,120.89,123.01,121.74,143.26,166.95,156.53,153.46,154.85,140.97,128.34,140.51,135.3,137.3,126.05,119.6,116.53,115.88,162.49,168.93,155.41,169.0,170.9,206.13,235.23,247.51,PH060000000
Real Wage Rate,Sugarcane Workers,Region VII (Central Visayas),Female,101.46,100.52,96.69,97.73,109.89,134.81,119.85,112.42,109.3,97.21,101.98,94.7,102.85,92.89,84.55,83.17,80.72,95.16,137.03,134.25,135.93,139.77,141.6,210.72,211.43,212.76,PH070000000
Real Wage Rate,Sugarcane Workers,Region VII (Central Visayas),Male,115.8,117.72,115.97,118.62,116.61,136.6,135.03,128.42,125.47,120.74,109.05,120.95,114.78,113.72,104.44,102.28,102.63,112.62,167.97,164.83,159.47,164.57,164.71,211.78,218.53,228.28,PH070000000
Real Wage Rate,Sugarcane Workers,Region VIII (Eastern Visayas),Female,106.81,121.56,126.16,125.45,,111.73,142.71,126.55,123.91,129.44,129.6,123.16,126.24,123.49,108.97,105.68,102.77,106.52,137.12,136.11,140.3,147.36,154.42,,218.0,222.06,PH080000000
Real Wage Rate,Sugarcane Workers,Region VIII (Eastern Visayas),Male,114.76,127.09,129.09,130.95,125.7,143.29,157.77,152.99,143.6,136.08,136.0,138.28,130.86,127.08,112.09,107.33,105.62,108.54,144.48,163.94,156.16,164.33,164.37,220.99,207.29,235.84,PH080000000
Real Wage Rate,Sugarcane Workers,Region X (Northern Mindanao),Female,,,,75.21,81.91,99.37,100.0,98.96,97.81,112.64,111.1,102.52,105.46,101.6,93.88,91.21,85.02,91.48,118.13,122.89,117.51,122.69,136.17,215.69,167.12,228.74,PH100000000
Real Wage Rate,Sugarcane Workers,Region X (Northern Mindanao),Male,,,,120.01,126.4,131.29,143.8,135.58,123.3,121.01,124.65,125.83,119.2,115.62,106.79,100.95,98.28,100.37,137.77,133.15,147.87,152.44,154.42,202.0,242.28,235.21,PH100000000
Real Wage Rate,Sugarcane Workers,Region XI (Davao Region),Female,88.88,106.54,106.77,103.96,109.86,135.39,130.94,128.63,143.8,141.05,134.21,128.14,127.33,122.69,115.53,111.32,97.37,111.2,144.38,147.14,161.45,168.15,168.76,197.17,,169.97,PH110000000
Real Wage Rate,Sugarcane Workers,Region XI (Davao Region),Male,112.91,120.38,126.51,121.68,123.74,121.08,137.9,153.15,146.84,143.14,140.58,151.93,144.04,144.5,133.33,125.2,120.67,120.11,159.43,171.04,169.91,176.97,179.34,289.39,307.85,317.26,PH110000000
Real Wage Rate,Sugarcane Workers,Region XII (SOCCSKSARGEN),Female,97.36,99.1,100.26,97.82,97.23,119.59,115.75,116.4,113.19,130.37,119.82,117.31,119.43,105.65,96.52,97.47,89.05,90.75,131.2,138.82,135.48,143.54,146.24,210.15,223.83,218.53,PH120000000
Real Wage Rate,Sugarcane Workers,Region XII (SOCCSKSARGEN),Male,107.51,112.12,112.29,118.85,126.85,146.18,135.25,156.12,152.72,146.47,148.08,138.29,132.82,131.5,119.16,117.9,114.45,111.3,146.37,153.09,153.58,162.69,163.39,218.93,230.26,225.34,PH120000000
Real Wage Rate,Sugarcane Workers,Region XIII (Caraga),Female,,,,,,,,,,,,,,,,,,,,,,,,,,,PH160000000
Real Wage Rate,Sugarcane Workers,Region XIII (Caraga),Male,,,,,,,,,,,,,,,,,,,,,,,,,,,PH160000000
